{
  "geometry": {
    "n_blades": 4,
    "diameter": 180.0,
    "hub_dia_base": 35.0,
    "hub_dia_top": 40.0,
    "hub_height": 30.0,
    "pitch_ratio": 0.800299837448271,
    "rake": 7.576779146716666,
    "skew": 2.7103632032614446,
    "chord_distribution": [
      0.18322704832093673,
      0.18167216652644802,
      0.18431684848353896,
      0.315995917605946,
      0.33077649285888605,
      0.31884366190207386,
      0.32110927257318767,
      0.34329191969666495,
      0.34614010282700247,
      0.3367419510803014
    ],
    "thickness_distribution": [
      0.09505831788576932,
      0.09724313697424616,
      0.0838630052536328,
      0.09047905098212705,
      0.08644828299301409,
      0.07143922662600385,
      0.09321264683332804,
      0.09614172953901746,
      0.09479584162453858,
      0.07512035011223898
    ],
    "camber_distribution": [
      0.02300419298905214,
      0.014016828321085908,
      0.02931998017952234,
      0.0132644452751952,
      0.014447728376743978,
      0.027011629197860716,
      0.010197770844097516,
      0.0028480824348450723,
      0.005316566444234758,
      0.028195366893738735
    ]
  },
  "performance": {
    "thrust": 211.1866761523837,
    "torque": 5.408686066622971,
    "efficiency": 0.7457205615733249,
    "cavitation_index": 0.6691481775505032,
    "keller_margin": -1.848647898271956,
    "noise_level": 26.24880787934021,
    "tip_cavitation_number": 1.394437306338664,
    "KT": 0.31403106479512527,
    "KQ": 0.044681255349508994,
    "J": 0.6666666666666666
  }
}