{
  "geometry": {
    "n_blades": 3,
    "diameter": 180.0,
    "hub_dia_base": 35.0,
    "hub_dia_top": 40.0,
    "hub_height": 30.0,
    "pitch_ratio": 0.8085937721046343,
    "rake": 3.0263404328139276,
    "skew": 0.5605444560745909,
    "chord_distribution": [
      0.19407994153325922,
      0.1820747650523306,
      0.18856061271475769,
      0.2879554771907769,
      0.3301573762937511,
      0.32951899633784987,
      0.3296828147621368,
      0.3138100425194015,
      0.3098543700401126,
      0.3194051773530258
    ],
    "thickness_distribution": [
      0.09270854385372126,
      0.09303503809968514,
      0.096389009664016,
      0.07841408686854785,
      0.05792637701680384,
      0.09826955746006252,
      0.08284795509763475,
      0.09485428194309305,
      0.09597267700913473,
      0.07434990325425132
    ],
    "camber_distribution": [
      0.022031982236803464,
      0.004635140981681284,
      0.0056418377707506085,
      0.01294424274375063,
      0.0049605841762333375,
      0.016875977086074717,
      0.014992358694499159,
      0.016556544070170452,
      0.010896292757076412,
      0.012128535671067236
    ]
  },
  "performance": {
    "thrust": 158.41059541533883,
    "torque": 4.117370478204986,
    "efficiency": 0.7347940953656292,
    "cavitation_index": 0.6691481775505032,
    "keller_margin": -1.6566447280585543,
    "noise_level": 15.658821642983412,
    "tip_cavitation_number": 1.394437306338664,
    "KT": 0.23555391305658915,
    "KQ": 0.03401367345767807,
    "J": 0.6666666666666666
  }
}
