{
  "geometry": {
    "n_blades": 3,
    "diameter": 180.0,
    "hub_dia_base": 35.0,
    "hub_dia_top": 40.0,
    "hub_height": 30.0,
    "pitch_ratio": 0.8019212010307392,
    "rake": 5.810176819119415,
    "skew": 1.6449261881652415,
    "chord_distribution": [
      0.1802481253203864,
      0.1802074752762447,
      0.18120127992962418,
      0.32281445459423574,
      0.3449318947119499,
      0.33374697336705633,
      0.3497527475199221,
      0.3470032181203601,
      0.3467539615632059,
      0.34489084409242965
    ],
    "thickness_distribution": [
      0.09594711647363355,
      0.09746912468766014,
      0.09659434514088822,
      0.09997034740254668,
      0.09912524051694954,
      0.0975358049102098,
      0.09688311735378217,
      0.09916294281263899,
      0.09959940605425024,
      0.09821708714403865
    ],
    "camber_distribution": [
      0.01604064943217196,
      0.015009958034567079,
      0.0021527408957848684,
      0.02257558574027114,
      0.019991289794299365,
      0.019550321098497997,
      0.008142959569418176,
      0.007800252830858565,
      0.012582274402584097,
      0.02896749857761199
    ]
  },
  "performance": {
    "thrust": 164.16459731157957,
    "torque": 4.188965016073081,
    "efficiency": 0.7484695730590232,
    "cavitation_index": 0.6691481775505032,
    "keller_margin": -1.6546674528425436,
    "noise_level": 26.064123659251493,
    "tip_cavitation_number": 1.394437306338664,
    "KT": 0.24411001789819306,
    "KQ": 0.034605117255434255,
    "J": 0.6666666666666666
  }
}